{
  "vagas": [
    {
      "id": 5,
      "nome": "vaga alterada",
      "foto": "foto2.jpg",
      "descricao": "Estagiário",
      "salario": "200"
    },
    {
      "id": 8,
      "nome": "Desenvolvedor PLENO",
      "foto": "foto8.jpg",
      "descricao": "Liderar a equipe em busca de novas tecnologias no mercado",
      "salario": 10000
    },
    {
      "id": "9",
      "nome": "Cesar Augusto",
      "foto": "foto4.jpg",
      "descricao": "Estagiário",
      "salario": "7000"
    },
    {
      "id": "20",
      "nome": "Cesar Augusto",
      "foto": "foto5.jpg",
      "descricao": "Estagiário",
      "salario": "800"
    }
  ]
}